						Vietnamese	MuongHB	MuongSL	MuongTH	MuongBi	NguonCL	NguonYT	CuoiThaiHoa	ThoLangLo	CuoiTanHop	ThoCuoiCham	Phong	Toum	Liha	LihaNVL	Sach	May	Ruc	Arem	ThavungS	ThavungPS	ThavungF	Ahoe	MaliengQB	MaliengHT	Pakatan	Malang	MalengBro	Kri	Kri Phoong	Khmu	Jahai
Gloss	Jak-Leip.100#	Swadesh 100#	Semantic Field	Ety-notes	Proto-Vietic (Ferlus 2017)	VN (standard)	Mương [Hoa Binh]	Mương [Son La]	Mương [Thanh Hoa]	Muong (Barker)	Nguồn Cổ Liêm (Nguyen1997)	Nguồn Yên Thọ (Nguyen 1997)	Cuoi Thai Hoa	Tho [Lang Lo]	Cuoi Tan Hop	Tho [Cuoi Cham] (6.1)	Phong (Ferlus2017)	Toum (Ferlus2017)	Liha (Ferlus2017)	Liha (Peiros 2004/LVH)	Sach (Ferlus 2007)	May (Babaev 2018)	Ruc (Nguyen/Tran/Ferlus1998)	Arem (Kasuga 2008)	Thavung (Suwilai)	Thavung Phon Soung (Ferlus)	Thavung (Ferlus 1979)	Ahoe (Enfield 2011)	Malieng (QB) (Samarina n.d.)	Malieng (HT) (Samarina n.d.)	Malang Pakatan (NVl NHH 2001)	Malang (Ferlus 1997)	Maleng Bro (Ferlus 1992)	Kri (HT) (Samarina n.d.)	Kri Phoong (Nguyen HH 2019)	Khmu Cuang (Premsrirat 2002)	Jahai (Burenhult 2005)
1s/I	14	43	Pronoun	cf. Katuic *kɨɨ, *kəw '1s' (Sidwell 2005)	*soː	tao / (tôi)	#	#	#	ho	t'ɔ1	ʔuj1	hɤ̆w32	#	hɤ̆w22	#	#	saw	saw	#	[[ho, mèŋ]]	ʔaho¹	ho	kɯ̆̀ʔ (<Katuic)	kân	kân	kan3	kan	aho	aho˦	ʔeŋ (?Lao reflexive)	pɔ:n˧	cak 	kɤ˧˦ˀ (<Katuic)	kɤ33? (<Katuic)	ʔoʔ	jɛʔ
*1s/I						a	*	*	*	a	a	b	a	*	a	*	*	a	a	*	a	a	a	*	d	d	d	d	a	a	i	e	h	*	*	f	g
2s/you	9	87	Pronoun	AA *mi(ː)ʔ (MKED); cf. PHM *mu̯ei "2s (you)" (Ratliff 2010)	*miː	mày	#	#	#	da	jə̆w1	zaw1	mi33	məj² ( v! )	mi54	miː²	miː	mei	məi	#	[[mi]]	ʔami¹	mi	mɯ̀i̯	thòw (mîː polite)	mi1	thəw1, ʔəʔ1	mʊː	ami	amɤi̯˧˨, mi˧˨	căk	mi:-	#	căk˧, mi˦˥	căk23	me: 'you (male)'	miʔ
*2s/you						a	*	*	*	b	c	c	a	a	a	a	a	a	a	*	a	a	a	a	d	a	d	a	a	a	e	a	*	e	e	a	a
3s/he/she/it	35		Kinship	AA *han; *nVʔ (MKED)		nó / hắn	#	#	#	nả	nɔ3	#	tɯɤ212	#	nɤ̆m12	han³	han	han	han	#	#	ʔahăn³	hắn	unɛa̯ʔ	sòw	pin1	piːn1	#	#	#	hăn˧˦˧ˀ	han	pəan	#	hăn33ˀ	gəː	ʔoʔ
*3s/he/she/it						a	*	*	*	a	a	*	b	*	c	d	d	d	d	*	*	d	d	a	e	f	f	*	*	*	d	d	f	*	d	h	h
ant	71		animals	AA *smuːc < *suːc 'to sting' (MKED)	*gɛːnʔ / kɛːnʔ	kiến	kiɛn³	kiɛn³	kiɛn³	kiển	kien4	kien4	ɣɛn56	ɣɛːn⁴	kɛn31ʔ	kɛːn³ 	kɛːn	kɛːn	kɛːn	#	kèɛm⁴	kɛ̤m⁴	kiẹm	kie̯nʼ	kɛ̰̂ːn	kɛ̰̂ːn	kɛːn2 / kɛːn³	#	#	#	kḛn˧˦˧ˀ	#	kəɲɨɘr˧	#	kaɲɤl33ˀ	ʰmuːc	bit
*ant						a	a	a	a	a	a	a	a	a	a	a	a	a	a	*	a	a	a	a	a	a	a	*	*	*	a	*	d	*	d	b	c
ashes	84	2	The physical world	cf. Katu ɓlɑː (borrowed into Bahnaric)	*ɓuːɲ / *p-lɔː	tro	puːɲ¹	buːɲ¹	vuːɲ¹	bunh	vun1 	#	ʈɔ-32 	ʈɔː¹	plɒ22 / bun22	plɒː¹	buːn	buːɲ	buːɲ	bɔn.43  bɔn.33	#	tapɛh¹	tăpɛh	ʈɤ̀ː	katun bûːn	katun bûːn	buːɲ3	ɓuːɲ	tapɛʰ kul	tapɛʰ˦ ku˧˦ˀ	buɳ˧	bu:ɲ˧	bu:ɲ˧	buiɲ˧˦	buɲ23	bɔh	ʔabuʔ (<Malay)
*ashes						a	b	b	b	b	b	*	a	a	a	a	b	b	b	b	*	c	c	a	b	b	b	b	c	c	b	b	b	b	b	d	*
back of body	47		the body	cf. Laven lɨŋ 'back'	*k-ləŋ	lưng	lɨŋ¹	ləŋ¹	#	lâng	lɨŋ1 	#	lɯ̆ŋ32	lʌŋ¹	khʂɔŋ12	( kʰrɔːŋ³ )	kʰlɨŋ	lʌŋ	lɔŋ	#	nuːl⁴	nul⁴	nuól ~ nụl	roŋʼ (spine)	kɔ̂ːŋ 	kɔ̂ːŋ 	kɔːŋ1	#	#	#	takɒŋ˧	#	turɔŋ˧	#	takɔŋ323 / kil33ʔ	kndrɔːŋ	krɔʔ
*back of body						a	a	a	*	a	a	*	a	a	c	c	a	a	a	*	b	b	b	c	d	d	d	*	*	*	d	*	c	*	d	c	e
bark of tree		3	Agriculture and vegetation	#	*-pɔh / *k-ɗoːk	vỏ	pɔː⁵	pɔː⁵	bɔː⁴⁶	pọ	pɔ6 	bɔ6	vuɔ212	voa⁵⁶ ( i! v! hyp )	pɒ33ʔ	pɒː⁵	kdoːk	#	#	pɔoŋ.43	#	kupɔk³	kăduh kᵊʌj	aɗăh 'shell'	khabɔ́h	kʰabɔ́h	khabɔh1	kʰalɑːt	kupɔ́k	kubɔ˦	khalɒk˧˦	kəpɔ:k- səlɔŋ-	kubɔk˧ cirɛŋ˧	kabɔk˧˦	kabɔːk44 sarɤ̆ŋ33	hmpɔːk	#
*bark (of tree)						a	a	a	a	a	a	a	a	a	a	a	b	*	*	e	*	c	d	*	a	a	a	d	c	c	c	c	c	c	c	c	*
belly/stomach		4	The body	AA *buŋ[ ] 'belly', *dul 'middle, belly' MKED, widespread confusion of 'belly' ~ 'intestine'	*buŋʔ / *k-ɗəlʔ / k-ɗuːlʔ / *p-loːŋʔ	bụng	kloːŋ⁴	ploːŋ⁴⁶	ʈoːŋ⁴⁶	tlộng	puŋ4	buŋ4 	dun35	duːn³	dul12	duːl³	kluŋ	poŋ	poŋ	pouŋ.31	kudəl¹	kuɗɤ̆l¹	kdəl	pŭ̀ŋ	khalûŋ	kʰalûŋ	khaɁâl 'abdomen'	kuluŋʔ	kudɯ́l	kudɯl˦	ɬɔ̰c˧˦	ʰrɔ:c-	rɔc˩	roic˧ (intestine)	sin33ʔ rɔc44 'intestines', pʰŭŋ33 'stomach'	luːj	ʔɛc
*belly/stomach						a	b	b	b	b	a	a	c	c	c	c	b	a	a	a	c	c	c	a	b	b	f	b	c	c	d	d	d	d	d	f	e
big/large	32	5	Spatial relations	#	*#	lớn, to	#	#	#	lởn	nə̆j4, roːŋ4 (wide) 	#	#	#	#	#	neː	niː	neː	ne.31	#	mɤ̤̆m²	mᵊàm	katɛ̆h	Ɂíh	Ɂíh	Ɂih	#	ké	kiʰ˧˦	kḛ˧˦˧ˀ	ke:-	ke˧	ki˧˦ˀ	ki33ʔ	ʰnam	bəw, ckɛj
*big/large						a	*	*	*	a	b	*	*	*	*	*	b	b	b	b	*	c	c	d	e	e	e	*	f	f	f	f	f	f	f	g	f
bird	93	6	Animals	AA *ci(ː)m 'bird' MKED	*ʔoːʔ / -ciːm	chim	ciːm¹	ciːm¹	ciːm¹	chim	sɨm1 	cɨm1	cim32 	ciːm¹	cim22	ciːm¹	ciːm	ciːm	ciːm	cim.33	ciːm¹	ʔacim¹	ĭcim	itɕiːm	Ɂacɔ̂ːj	Ɂacɔ̂ːj	ciːm1	ʔacɪːmʔ	ʔó	ʔo˧˦	ʔɔ̰˧˦˧ˀ	ʔɔ:˧	ʔo˧	ʔo˧˦ˀ	ʔo33ʔ / 54ˀ	siːm	kawaw
*bird						a	a	a	a	a	a	a	a	a	a	a	a	a	a	a	a	a	a	a	b	b	a	a	c	c	c	c	c	c	c	a	d
bite (v)	46	7	The body	cf. Nicobarese *kat; Khmu *kɛːt; Monic *kɯt; Tai *katD (Pittayaporn 2009)	*kaːt 	cǎ́n	kaɲ³	kaɲ³	#	cảnh	kăn3	kăɲ3	kăm54	kam⁴	kɑ̆m31	kam⁴	kaːt	kaːt	kaːt	ka:t.34	kɐ̀m⁴	kɤ̤̆m⁴	kᵊʌ̣m	kămʼ	kâ̰ːt	kâ̰ːt	tuh3	#	kát	kat˧˦	kĭɳ˧˦˧ˀ , kap˧˦	ka:t-	cikət	kat˧	kat44	pok	kap
*bite (v)						a	a	a	*	a	a	a	b	b	b	b	c	c	c	c	b	b	b	b	c	c	d	*	c	c	a	c	c	c	c	e	f
bitter	28		Sense perception	AA *kt2aŋ MKED		đắng	taŋ³	taŋ³	taŋ³	tẳng	tăŋ3 	ʔăŋ3	tăŋ35 	taŋ³	tɑ̆ŋ12	taŋ³	taŋ	taŋ	taŋ	#	taŋ³	tăŋ³	ətǎ͗ŋ	nɯmʼ	tâ̰ŋ	tâ̰ŋ	taŋ4	#	taŋ³ 	taŋʔ 	tă̰ŋ˧˦˧ˀ	taŋ˧	táŋ˧	#	tăŋ33ˀ	caŋ	kdɛk
*bitter						a	a	a	a	a	a	a	a	a	a	a	a	a	a	*	a	a	a	b	a	a	a	*	a	a	a	a	a	*	a	a	c
black	42	8	Sense perception	cf. Mal/T'in ɲam; Palaung jəm 'black'; Lao dàm 'black'	*-jəm	đen	jəm¹	jəm¹	jəm¹	dầm	tɛn1 	ʔɛn1	dɛn32 (Viet loan?)	XX	zɤ̆m22	XX	#	#	#	dɛn.33	[[tɛn]]	tɛn¹	tɛntɛn	tʰiːu̯	ɲûm	ɲûm	ɲum2	ɲɨm	tɛn	tɛn˦	ɳɯ̆m˧˦	ɲɨm`	ɲɨm˧	ɲɯm˧˦	ɲɯ̆m23	hiəŋ	gcĩh
*black						a	b	b	b	b	a	a	a	*	b	*	*	*	*	a	a	a	a	c	d	d	d	d	a	a	d	d	d	d	d	e	f
blood	7	9	The body	AA *ɟhaːm MKED; Car Nicobarese sam 'sap' (Das 1977)	*ʔa-saːmʔ / *t-muːʔ	máu (<'sap')	maw³	maw³	maw³	mảu	maw3	#	măw35 	XX	mɑ̆w12	XX	saːm	saːm	#	sa:m.34	asaːm³	ʔaɕam³	ăsảm	atʰɛa̯mʼ	tamṵ̂ː	tamṵ̂ː	tamuː1	pasaːmʔ	aʃám	asam˧˦	#	asa:m ̀	asəm˧	asam˧˦ˀ / nsam˧˦ˀ	asam33ˀ	maːm	bhɨ̃m
*blood						a	a	a	a	a	a	*	a	*	a	*	b	b	*	b	b	b	b	b	a	a	a	b	b	b	*	b	b	b	b	c	c
blow (with mouth) (v)	79		Motion	AA *thu[s] MKED		thổi	tʰoːj⁵	hoːl⁵	#	hủl	t'on5 	t'un5	thɑn31ʔ	tʰuːn⁵⁶	thul33ʔ	tʰuːl⁵	tuːt	tuːc	tuːc	#	tʰuːlʰ¹	tʰul¹	tʰuːl	tʰlʊmʼ	thṵ̂ːn	pût / pîw	thuːl1	#	#	#	#	tu:l˧	uto:l˧	#	tul33ʔ	hur	phos
*blow (with mouth) (v)						a	a	a	*	a	a	a	a	a	a	a	a	a	a	*	a	a	a	b	a	d	a	*	*	*	*	a	a	*	a	c	d
bone	8	10	The body	AA *cʔaːŋ MKED	*tʃ-ʔaːŋ >  ɟaːŋ / tʃɨəŋ	xương	sɨaŋ¹	sɨaŋ¹	sɨaŋ¹	xiêng	sɨəŋ1	sɨəŋ1 	sɯɤŋ32	sɨaŋ¹	sɯɤŋ22	sɨəŋ¹	#	#	#	sɨəŋ.33	saːŋ²	ɕaŋ²	sàŋ	ɕie̯ŋ	takôːk	takôːk	tkoːk2	kaʝɪːᵊŋ	ʃàŋ	saɲ˦˧	sɤŋ˧	sɒŋ-	cəaŋ˩	cəaŋ˥	cɤŋ23	cʔaːŋ	 ɟʔeŋ
*bone						a	a	a	a	a	a	a	a	a	a	a	*	*	*	a	a	a	a	a	b	b	b	a	a	a	a	a	a	a	a	a	a
breast/udder	12	11	The body	AA *ʔbuːʔ 'suckle' MKED	*b-rn-uːʔ / k-buːʔ	vú	puː³	puː³	#	pủ	ʔu3 	#	zu35	ʔuː³	ʔu12	ʔuː³	nuː	now	now	nou.434	nɔːj³	nɔi̯⁴	nɔ̣j	nɒːi̯	təmɁə́k~təpɁə́k [< Lao]	təmɁə́k [< Lao]	panuː	pʰᵊnuːʔ	pu	pɯnṳ˧˦	panṵ˧˦˧ˀ	panu:˧	prnu:˩	panu˧˦ˀ	panu33ʔ	buʔ	ʔɛ̃m
*breast/udder						a	a	a	*	a	b	*	b	b	b	b	a	a	a	a	c	c	c	c	*	*	a	a	a	a	a	a	a	a	a	a	d
chest			The body	cf. Lao ʔə́k/ʔók 'chest; insides'	*-nɔːjʔ / *ŋək	ngực	ŋək⁸	ŋək⁸	#	đương	ŋɨk8	#	ŋɯ̆k54	ŋɨk⁸	tɑŋ31 dɑŋ22	#	#	#	#	#	[[tóŋ]]	ʔaɽɤŋ¹	pakᵊaŋ	kətìe̯ŋ	#	tamɁə́k [< Lao]	Ɂək1 [< Lao]	#	kacɤ́h	kacɤ́h	ʔɤ̆k˧˦	ʔək  ̄	kacɤ˧	kacɤ˧	kacɤ33	ʔɔk	dkduk
*chest						a	a	a	*	b	a	*	a	a	b	*	*	*	*	*	c	d	e	b	*	*	*	*	f	f	*	*	f	f	f	*	g
child	51		kinship	AA *kuːn/kuən MKED	*ɗɛːt (VM-PC)	con	dɛːt⁷	#	dɛːt⁷	đét	kɔn1	kɔn1	kɔn32	dɛːt⁷	kɒn22 	dɛːt⁷	kɔːn	kɔːn	kɔːn	#	#	kɔn¹	kɔn / pŭcɔj	kɒn	kɔ̂ːn	kɔ̂ːn	kɔːn1	kɑːn	#	#	kadɛ˧˦˧ˀ	kadɛ:˦	kadɛ:˧	#	kadɛ33ʔ	kɔːn	kɛn
*child						a	b	*	b	b	a	a	a	b	a	b	a	a	a	*	*	a	a	a	a	a	a	a	*	*	b	b	b	*	b	a	a
burn (intr.)/be alight (v)	55	12	The physical world	#	*p-loːt; tentative *calʔ	cháy	#	#	#	chẳl	pɔŋ2	bɔŋ6	cɑ̆n35	#	cɑ̆l12	#	ploːk	plaot	plaot	dŋ.33	#	#	#	tɕaːlʼ	pakûm	hɨ̂ːn	cal1	#	#	#	kĭɳ˧	pəlɔ:t 'burned'	#	#	kacăl33ʔ	pɔːk	sjɨŋ, sɔʔ
*burn (intr.)/be alight (v)						a	*	*	*	a	b	b	a	*	a	*	d	d	d	e	*	*	*	a	c	h	a	*	*	*	i	d	*	*	a	f	g
fingernail/claw		13	The body	cf. Khmu tmʰmɔːŋ; Muak Saak psim3	*kr-sam / *k-toːŋ	móng	#	#	#	mỏng thay	mɔŋ3	#	mɔŋ35 (Viet loan?)	#	sɑ̆m22	sam¹	ksam	sam	sam	sam.33	katoːŋ¹	kutoŋ¹	kə̆ntoŋ	n̩tɒŋ	kasâm	kasâm	ksam1	kᵊsam	kɯʃǎm	kaɕăm˦	kasăm˧˦˧ˀ	kəsam-	krsam˧	kaɕăm˦	kasăm323	tmʰmɔːŋ	katɔ̃ŋ cjas
*fingernail/claw						a	*	*	*	a	a	*	*	*	c	c	c	c	c	c	b	b	b	b	c	c	c	c	c	c	c	c	c	c	c	a	b
cloud		14	The physical world	AA*[ ]mh(u)əl MKED	*k-məl	mây	maə¹	məl¹	mən¹	mầl	mə̆n1	#	mɤ̆n32	mʌn¹	mɤl22	mʌl¹	kmil	mʌl	mun	mən.33	məl¹	mɤ̆l¹	mə̆l	ʑɯ̀ːl	phathɛ̂ːn	kʰipʰâ̤ː	meːk [< Lao]	#	tulúk	tuluk˧˦	mek˧	me:k- 	tuluk˧	taluk˧˦	talŭk23	hmpuːt	sagup
*cloud						a	a	a	a	a	a	*	a	a	a	a	a	a	a	a	a	a	a	b	c	g	*	*	d	d	*	*	d	d	d	e	f
die		17	The body	AA *kc[ə]t MKED	*k-ceːt	chết	ceːt⁷	ceːt⁷	ceːt⁷	chít	#	#	cet35	ceːt⁷	cet12 	ceːt⁷	ceːt	ceːt	ceːt	#	ciːt⁷	kɯcit³	kacít	tɕiːt	Ɂacʌ̰̂ːt	cʌ̰̂ːt	cəːt1	#	kucét	kɯcet˧˦	kacɛt˧˦	kacɛt-	kacet˧	kacet˧	kacet44	haːn	kbis
*die						a	a	a	a	a	*	*	a	a	a	a	a	a	a	*	a	a	a	a	a	a	a	*	a	a	a	a	a	a	a	b	c
dog	86	18	Animals	AA *cɔʔ MKED	*ʔa-cɔːʔ	chó	cɔː³	cɔː³	cɔː³	chỏ	xwien5 (< 犬quǎn khuyển)	#	cɔ35	cɔː³	cɒ12	cɒː³	cɔː	cɔː	cɔː	cɔ.34	acɔː³	ʔacɔ³	acɔ̉	atɕɒʔ	cɔ̰̂ː	cɔ̰̂ː	cɔː1	cɑːʔ	cɔ́	cɔ˧˦ˀ	cɔ̰˧˦˧ˀ	cɔ: kəpə:˦	cɔː˧	cɔ˧˦ˀ	cɔ33ʔ	sɔʔ	ʔacĩʔ
*dog						a	a	a	a	a	b	*	a	a	a	a	a	a	a	a	a	a	a	a	a	a	a	a	a	a	a	a	a	a	a	a	a
drink (v)	42	19	Food and drink	AA *ɲuːʔ 'to suck up, drink' MKED	*ɲuːʔ / *ʔɔːŋʔ	uống	ʔɔːŋ³	ʔɔːŋ³	ʔɔːŋ³	ỏng	ʔɔːŋ3	#	ɲo54	ɲɔː³ ( v! )	ɲo31	ɲoː⁴	ɲoː⁴⁶	ɲuː⁴⁶	ɲoː⁴⁶	ɲo.31	ɲuː⁴	ɲo⁴	ɲủ	ɲə̯uʔ	ɲṵ̂ː	ɲṵ̂ː	ɲuː2	ɲʊːʔ	cuŋ	coŋ˧˦	ɳõ˧˦˧ˀ	ɲu:	co̻ŋ	cuŋ˧˦ˀ	cŭŋ33ʔ	ʔɨək	huc
*drink (v)						a	a	a	a	a	a	*	b	b	b	b	b	b	b	b	b	b	b	b	b	b	b	b	c	c	b	b	c	c	c	d	e
dry (as leaf/cloth) (adj)		20	Sense perception	AA *rɔs MKED; PT *χaɰᴮ (Pittayaporn 2009) (Tai tone category, inconsistent with Vietic)	*kʰoː	khô	#	#	#	khô, dảng	xo1	#	χo32	kʰoː¹	χo32	kʰɔː¹	#	#	kʰaw	khɔo.33	[[kho]]	ɽɔh¹	kʰo	kʰoː	hɔ́h	hɔ́h	#	#	kho	ɽuo˦	ɬɔh˧	səjaŋ˧	sijaŋ˧	saʄăŋ˦˥ˀ, ɽɔ˧	rɔ33	ras	kriŋ
*dry (as leaf/cloth) (adj)						a	*	*	*	a	a	*	a	a	a	a	*	*	a	a	a	b	a	a	b	b	*	*	a	b	b	e	e	e	b	c	d
ear	22	21	The body	#	*saːj	tai	tʰaːj¹	saːj¹	saːj¹	thai	t'aj1	t'aj1	saj32	saːj¹	sɑj22	saːj¹	pat saːj	bat saːj	saːj	sa:j.33	saːj¹	ɕai̯¹	saj	tʰaːi̯	susâːj	sâːj	saːj1	saːj	say	ʂai̯˦	saj˧	sa:j-	sa:j˧	sai̯˧˦	saj323	rməːj	ʔnteŋ
*ear						a	a	a	a	a	a	a	a	a	a	a	a	a	a	a	a	a	a	a	a	a	a	a	a	a	a	a	a	a	a	b	c
earth/soil	63	22	The physical world	#	*tət	đất	tʌt⁷	tʌt⁷	dʌt⁷	tất	tə̆t7	ʔə̆t7	 tɤ̆t35	tʌt⁷	tɤ̆t12	tʌt⁷	tit	tʌt	tɔt	tət.24	[[bɤ́nʔ]]	ɓɤn³	bə́n	atăk	Ɂaták	Ɂaták	Ɂataːk3	ʔatak	atǎk	atăk˧˦	atăk˦	atak-	atak˧	atăk˧	atăk23	pteʔ	teʔ
*earth/soil						a	a	a	a	a	a	a	a	a	a	a	a	a	a	a	b	b	b	c	c	c	c	c	c	c	c	c	c	c	c	d	d
eat	75	23	Food and drink	#	*ʔan	ǎn	#	#	#	ăn	ăn1	ăn1	ʔɑ̆n32	#	ʔɑ̆n22	#	ʔan	ʔan	ʔan	ʔan.33	[[ʔǎ̀n]]	ʔăn¹	ʔăn	ʔăn	Ɂân	Ɂân	ʔan1	ʔan	ʔǎn	ʔăn	ʔǎn˧	ʔan	ʔan˧	ʔăn˧˦	ʔăn323	mah	ɲɛm
*eat (v)						a	*	*	*	a	a	a	a	*	a	*	a	a	a	a	a	a	a	a	a	a	a	a	a	a	a	a	a	a	a	b	c
egg	52	24	Food and drink	AA *pləːŋʔ MKED; PMP *qiCeluʀ (Blust 1999)	*k-ləːŋʔ / *t-luːrʔ (<Chamic)	trứng	kləŋ³	kləŋ³	kləŋ³	tlởng	ʈəŋ3	ʔləŋ3	ʈɤŋ35	lɨən¹	klɤŋ12 	lɨən¹	kləːŋ	klaəŋ	klaəŋ	kləŋ.34	tuluːl³	talul³	təlúl	uluːlʼ	talṵ̂ːn	talṵ̂ːn	tulun³ 	taloːlʔ	tulul	tuluh˦	talṵl˧˦˧ˀ	talu:l˧	tulo:r˧	taɽul˧ˀ	tarul33ʔ	kdoŋ	ktɨt, makɔʔ
*egg						a	a	a	a	a	a	a	a	c	a	c	a	a	a	a	b	b	b	b	b	b	b	b	b	b	b	b	b	b	b	d	e
eye	83	25	The body	AA *mat MKED	*mat	mạ̌t	mat²	mat²	mat²	măt	măt7	măt7 	măt35	mat⁸	măt31	mat⁸	mat	mat	mat	mat.31	mə̆àt⁸	mă̤t⁴	mᵊʌ̆́t	mʌ̯ằt	mat	mát	mat1	mat	mǎ́t	măt˧˦	măt˧˦	mat-	mat˧	măt˧˨	măt23	mat	mit
*eye						a	a	a	a	a	a	a	a	a	a	a	a	a	a	a	a	a	a	a	a	a	a	a	a	a	a	a	a	a	a	a	a
fall/drop (v)	82		Motion	AA *rus, raːs to fall, shed' MKED		rơi	#	#	#	rơi	po5	bo5	pe212	#	pe33Ɂ 	#	#	ʰlaəc	ɣaəc	#	ruh²	ɽa̤h² 	tlɔ	rŭh	tʰalɨ̰̂ːj	tʰalɨ̰̂ːj	thaloːj4	pʰlɪt	#	#	ɬuj˧˦˧ˀ	ʰru:j˧	ʰru:j˧ / salac (an object)	#	ruj33ʔ	khruk / glɨp	gibal, kulkil, rɛs
*fall/drop (v)						a	*	*	*	a	b	b	h	*	h	*	*	c	c	*	c	c	d	c	e	e	e	f	*	*	c	c	c	*	c	g	h
far/distant	23		Location	AA *[c]ŋajʔ MKED		xa	#	#	#	xa	sa1	#	ŋɑj35	ŋaːj³	ŋɑj12	ŋaːj³	ŋaːj	ŋaːj	ŋaːj	#	təŋaːj³	ɕiŋai̯³	cə̆ŋáj	ŋaːi̯ʼ	saŋâ̰ːj	saŋâ̰ːj	sŋaːj2	siŋaːjʔ	#	#	saŋa̤j˧˦˧ˀ	sŋa:j˧ 	#	#	saŋaj33ʔ	ɟaːr	bɲɟiʔ 
*far/distant						a	*	*	*	a	a	*	b	b	b	b	b	b	b	*	b	b	b	b	b	b	b	b	*	*	b	b	*	*	b	c	d
fat/grease/oil		26	Food and drink	Tai *bwi:A (Pittayaporn 2009)	*məh / *k-luŋ	mỡ	məː⁶	məː⁴⁶	mməː⁴⁶	mợ	mə5	#	mɤ31Ɂ	məː⁵⁶	mɤ33ʔ	məː⁶	puːj (<Tai)	#	#	mə.31	tluŋ²	klŭŋ¹	klùŋ 	tlùŋ	Ɂatûː	Ɂatûː	atuː1	ntoː	mɤ̀	mɤ˧˨ˀ	#	atu:˦˥	#	ntu˧	ntu23	məːj	gmuʔ (from Malay gemuk)
*fat/grease/oil						a	a	a	a	a	a	*	a	a	a	a	*	*	*	a	b	b	b	b	c	c	c	c	a	a	*	c	*	c	c	d	*
hair of body/feather		27	The body	AA *suk MKED	*-loːŋ	lông	loːŋ¹	loːŋ¹	loːŋ¹	lông	loːŋ2'	loːŋ1	sŭk35	loːŋ¹	sŭk12	lɔːŋ¹	#	#	#	sok.34	suk⁷	ʔuɕŭk³	ŭsúk	[[utʰŭk]]	#	Ɂasɔ́k	#	sʊk	uʃúk	uʂŏk˧˦	ʔaso̰k˧˦	asok-	uso̻k	usuk˧˦	ʔusŭk23	kʰuːl	sɔk
*hair of body/feather						a	a	a	a	a	a	a	b	a	b	a	*	*	*	b	b	b	b	b	*	a	*	b	b	b	b	b	b	b	b	c	b
hair of the head	31	37	The body	AA *suk MKED	*-suk / *kəːjʔ	tóc	tʰak⁷	sak⁷	sak⁷	thắc	t'ăk7	t'ăk7	sŭk35	#	sŭk12	#	suk	sok	sok	sok.34	suk⁷	ʔuɕŭk³	usúk	utʰŭk	sɔ́k	sɔ́k	sɔk1	sʊk	uʃúk	kɤi̯˧˦	kɤ̰j˧˦˧ˀ	kə:j˧	kə:j˧	kɤi̯˧˦ˀ	kɤj33ˀ	gləʔ	sɔk
*hair of the head						a	a	a	a	a	a	a	a	*	a	*	a	a	a	a	a	a	a	a	a	a	a	a	a	b	b	b	b	b	b	c	a
fire/firewood	1	28	The physical world	#	*(guːs | kuːs)	lửa (cf. củi "firewood")	kuːj⁵	kuːj⁵	kuːj⁵	cúi	kun5	#	ɣun31ʔ	ɣuːn⁵⁶ 	kul33ʔ	kuːl⁶	kuːt	kuːc	kuːc	ku:t.31	kuːlʰ¹	kul̥³	kuř ~ kuʳh	kŭh	kus	kuç	kujh2	kuːjʰ	kul	kuˀ˧˦	kuih˧	kujʰ-	ku:j˧	kui̯˧	kuj33	pʰrɨə	ʔɔs
*fire/firewood						b	a	a	a	a	a	*	a	a	a	a	a	a	a	a	a	a	a	a	a	a	a	a	a	a	a	a	a	a	a	c	d
fish	40	29	Animals	AA *kaʔ MKED	*ʔa-kaːʔ	cá	kaː³	kaː³, kaː³	kaː³	cả	ka3	ka3	ka35	kaː³	kɑ12	kaː³	kaː	kaː	kaː	ka.34	akaː³	ʔaka³	ká	akɛa̯ʔ	kâ̰ː	kâ̰ː	kaː1	kaːʔ	aká	aka˧˦ˀ	aka̰˧˦˧ˀ	aka:˧	aka:˧	aka˧˦ˀ	aka33ʔ	kaʔ	ʔikəʔ 
*fish						a	a	a	a	a	a	a	a	a	a	a	a	a	a	a	a	a	a	a	a	a	a	a	a	a	a	a	a	a	a	a	a
flesh/meat	18	30	Food and drink	AA *sac MKED	*-siːt / *k-hɛːk / *k-ɲuk / *ʔa-mɔːŋ	thịt	ɲuk⁷	ɲuk⁷	#	nhúc	t'it8	#	sit54	siːt⁸	sit31	siːt⁸	#	#	siːt	mɔ:ŋ.33	sit⁸	ɕit⁴	sịt	tʰìt (<Viet.)	mɛ̰̂ːŋ	ʔamɔ̂ːŋ	mɛːŋ2	ʔamɑːŋ	lɔŋ malieŋ	lɔŋ˦ ʰlieŋ˦˧	sit˦	si:t- səlɔ:ŋ˦	po̻j˧	pui̯˧˦ˀ	sit44	ʔah	sɛc
*flesh/meat						a	b	b	*	b	a	*	a	a	a	a	*	*	a	c	a	a	a	a	c	g	c	g	d	d	a	a	e	e	a	f	a
fly (v)	20	31	Motion	AA *par MKED; Old Chinese *(Cə.)pə(r) (Baxter & Sagart 2014)	*pər	bay	paə¹	pal¹	ban¹	păl	#	#	pɤ̆n32	pʌn¹	pɤ̆l22	pʌl¹	pil	pʌl	pɔn	pən.33	pəl¹	pɤ̆l¹	pəl	păl	pɛ̂n	pɛ̂n	hul1	piʳl	pɤ̌l	pɤ̆ɯ̯˦	pɤ̆l˦	pɤl-	pər˧	pɤɽ˧ / pɤl˧	pɤ̆l23	tɨːr	kapɨj
*fly (v)						a	a	a	a	a	*	*	a	a	a	a	a	a	a	a	a	a	a	a	a	a	d	a	a	a	a	a	a	a	a	b	c
foot/lower leg	37	32	The body	AA *ɟuŋ/ɟuəŋ/ɟəŋ/ɟəːŋ MKED	*(ɟiːŋ | ciɲ)	chân	cən¹	cən¹	cən¹	chân	cɔ2	cɔt	kăŋ212	#	kɑ̆ŋ33ʔ	kaŋ⁵	#	#	#	ci:ɲ.43	ciːŋ²	ciŋ²	ciŋ	tɕìŋ	cîːŋ	cîːŋ	ciːŋ1	ciːŋ	ciŋ	ci̤ŋ˧˨	siŋ˧	si:ŋ-	ciŋ˧	ciŋ˧	cin323	ɟɨəŋ	can
*foot/lower leg						a	a	a	a	a	b	b	d	*	d	d	*	*	*	c	c	c	c	c	c	c	c	c	c	c	c	c	c	c	c	c	a
full (of a container) (v)		33	Quantity	cf. Bolyu laːm³¹ 'full'	*ɓ-lam	đầy	#	#	#	tầy	lăm1	#	#	ʈeː³	#	pleː³	blam	blam	blam	blam.33	[[blǎm]]	ɓlăm¹	blăm 	pằɲ	#	bʌ̤̀n	#	ɓʌl	blǎm	məlăm˦	pĭc˧˦	pɛc-	pác˧	pac˧	#	kiɲ	sbem
*full (of a container) (v)						a	*	*	*	a	b	*	*	d	*	d	b	b	b	b	b	b	b	c	*	e	*	e	b	b	c	c	c	c	*	f	g
give	53	34	Possession	cf. Semelai ɟon, Pacoh ʄoːn etc. 'to have'	*#	cho	#	#	#	cho	cɔ1	tɔ1	cɤ32	#	cɤ22	#	#	caə	caə	cə.33	[[cɤ́]]	cɤ¹	cʌə	tɕɒː	Ɂun	Ɂun	#	cuːn	cɤ	cɤ˧	cɤ˧	cɤ-	cə̻n˧	cɤn˧	cɤn23	ʔan	ʔɛk
*give (v)						a	*	*	*	a	a	a	a	*	a	*	*	a	a	a	a	a	a	a	b	b	*	c	a	a	a	a	c	c	c	d	e
good		35	Emotions and values	AA *liəm MKED; PT *ɗɤjᴬ (Pittayaporn 2009)	*#	tốt, hay	#	#	#	thốch	t'oːt7	t'ot7	tot35	#	tot12	#	#	#	#	khɛu.34	[[tʰót]]	hăi̯¹	haj	ʔie̯m (< Katuic)	dîː (<Tai)	dîː (<Tai)	diː (<Tai)	#	hǎi̯	tʰot˧˦	di˧ (<Tai)	diː (<Tai)	haj˧	kʰɤ̆k˧ (<Tai)	cŭp23	ləʔ	seh
*good						a	*	*	*	a	a	a	a	*	a	*	*	*	*	b	a	c	c	*	*	*	*	*	c	a	*	*	c	*	e	f	g
green/blue		36	Sense perception	cf. Old Chinese *[tsʰ]ˤaŋ; *[s.r̥]ˤeŋ (Baxter & Sagart 2014)	*#	xanh (LSV thanh)	#	#	#	xenh	sɛɲ1	sɛɲ1	sɛŋ32	#	sɛŋ32	#	#	#	#	sa:ɲ.33	[[seŋ]]	ɕeŋ¹	sĭŋ	ɕɛʲɲ	salɛ̂ːw	salɛ̂ːw	salɛːw1	#	ʃɛŋ	sɛɲ˦	salɛːw324	sərɛ:w-	#	saɽɛu̯˧˦	sarɛw323	siːw	blʔɛɲ 'green'
*green/blue						a	*	*	*	a	a	a	a	*	a	*	*	*	*	a	a	a	a	a	b	b	b	*	a	a	b	b	*	b	b	c	d
hand/arm	19	38	The body	AA *sii[ʔ]; *t1iiʔ MKED	*siː	tay	tʰaj¹	saj¹	saj¹	thay	t'ăj1	t'ăj1	si32	siː¹	si22	siː¹	siː	sei	səi	səi.33	siː¹	ɕi¹	si	tʰiː	sîː	sîː	siː	sɪː	ʃi	ʂɤi̯˦, takɔh˦	sɪ˧	si:-	#	si˥	si23	tiʔ	cjas
*hand/arm						a	a	a	a	a	a	a	a	a	a	a	a	a	a	a	a	a	a	a	a	a	a	a	a	a	a	a	*	a	a	b	c
hard/solid	99		Sense perception	AA *kr[ɔ]ŋ MKED; Katuic *kəŋ (Sidwell 2005)		cứng, rắn 	#	kʌŋ³	#	hòng	kɨŋ3	#	#	kɨŋ³ ( < )	#	#	ksan	kʌŋ	kɔŋ	#	#	kaɕăn³	ksắn	tʰănʼ	khalíh	#	#	#	#	#	khalɪh˧ ~ khaleh˧	kʰrɛh-	lɛ̻́:ŋ˧ (< Tai)	#	#	kloːn	NA
*hard/solid						a	*	a	*	b	a	*	*	a	*	*	c	a	a	*	*	c	c	c	d	*	*	*	*	*	d	d	*	*	*	e	*
head		39	The body	cf. Chinese 頭 tóu, OC *[m-t]ˤo (Baxter & Sagart 2014)	*k-loːk	đầu 	kloːk⁷	kloːk⁷	ʈoːk⁷	tlốc	ʈoːk7 	loːk7 	ruok54	ʐuok⁸	klok31	kloːk⁸	kloːk	kloːk	kloːk	klo:k.31	kulòk⁸	kulo̤k⁴	kŭluòk	ulŏk	Ɂɔ̂ːk	ʔɔ̤̂ːk	Ɂɔːk1	ʔɑːk	kulók	kulok˧˦	kalṵk˧˦	kalok-	kuloɔk˧	kulɔok˧˦	kalŏk23	kmpoŋ	kuj
*head						b	a	a	a	a	a	a	a	a	a	a	a	a	a	a	a	a	a	a	c	c	c	c	a	a	a	a	a	a	a	d	e
hear/listen	62	40	Sense and perception	AA *rməŋ; *[t1]ŋər MKED	*ŋɛː / *c-maŋʔ	nghe	maŋ¹	maŋ¹	maŋ¹ ( < )	nge	ŋɛ1	#	ŋɛ32	#	ŋɛ22	#	ŋɛː	ŋɛː	ŋɛː	ŋɛ.33 khə:ɨ.43	cəmaŋ³	taŋet³	cămǎ͗ŋ	ta³³|ma̤ŋ³² 'to listen'; bəŋ³³ 'to listen'; aʑăm	Ɂapâ̰ŋ	tapâ̰ŋ	hapaŋ2	#	#	#	ŋet˧˦ 'to hear'	tɨlŋe:t- 'to listen'; aɟɔ̜m ᷅   'to hear'	amʌc	#	ŋit44	mec	ken
*hear/listen (v)						a	b	b	b	a	a	*	a	*	a	*	a	a	a	a	b	c	b	b	d	d	d	*	*	*	c	c	e	*	c	f	g
heart		41	The body	cf. Chinese 心 xīn, OC *səm (Baxter & Sagart 2014)	*seːmʔ / *ɲiːm / *toːŋ	tim	( tiːm¹ )	#	#	nỏ	tim1	ʔim1 / tim1*	tim32	( tiːm¹ )	tim22	tiːm¹	seːm	#	sɛːm	lɛem.43 sɛem.34	toːŋ¹	toŋ¹	toŋ	laŋŏ̀h	ɲîːm	ɲîːm	ɲiːm1	palᶤʌːʔ pᵊsᵊʌːmʔ	pɤli tɔŋ	tɔ̆ŋ˦	tɒ̆ŋ˧˦˧324	tɒŋ  ᷄	tɔ̻ŋ˧	tɔ̆ŋ˧˦ˀ	tɔ̆ŋ323	tlɔːm ŋok	klaŋis
*heart						a	a	*	*	b	a	a	a	a	a	a	a	*	a	a	c	c	c	b	d	d	d	e	c	c	c	c	c	c	c	f	g
heavy	72		Sense perception	#		nặng	naŋ⁴	naŋ⁴⁶	naŋ⁴⁶	nặng	năŋ4	#	năŋ54	naŋ⁴	năŋ31	naŋ³	naŋ	naŋ	naŋ	#	naŋ³	năŋ³	nǎ͗ŋ	#	nâ̰ŋ	nâ̰ŋ	#	naŋʔ	#	#	#	anaŋ  ᷅	naŋ˧	#	ʔanăŋ33ˀ	ktam	hɲɟut
*heavy						a	a	a	a	a	a	*	a	a	a	a	a	a	a	*	a	a	a	*	a	a	*	a	*	*	*	a	a	*	a	b	c
horn (of deer, not tusk)	38	42	The body	AA *d2raŋ; *tnkeʔ MKED	*t-kɔːj / *k-rəŋ	sừng	kʰɨŋ²	kʰəŋ²	kʰɨŋ²	khầng	ʃɨŋ2djaj1	#	ʂɯ̆ŋ33 	ʂɨŋ²	khʂiɲ54 	kʰrɨŋ²	kʰrɨŋ	kʰlʌŋ	kʰlɔŋ	sɔo.33	ʈəŋ²	ʂɯ̆ŋ²	krɨŋ	takaːi̯~təkeː	takɔ̂ːj	takɔ̂ːj	tkɔːj1	#	takɔi̯	takɔi̯˦	#	takɔ:j-	takɔ̻j˧	takɔi̯˧˦ˀ	takɔj323	cndrɨŋ	tanoʔ 
*horn (of deer, not tusk)						a	a	a	a	a	a	*	a	a	a	a	a	a	a	c	a	a	a	b	b	b	b	*	b	b	*	b	b	b	b	a	e
house	26		The house	cf. Nancowry Nicobarese ɲiː; Mang ɲua⁶ 'house'		nhà	ɲaː²	ɲaː²	ɲaː²	nhà	ɲa2	#	ɲɑ33	ɲaː²	ɲa54	ɲɐː²	ɲaː	ɲaː	ɲaː	#	ɲaː²	ɲa¹	ɲa	riu̯	Ɂúh	Ɂúh	Ɂuh2	ʔuːʰ	#	#	kanɒ̰˧˦˧ˀ	kanɔ:᷅	nə:j˧	#	kanɔ33ˀ	gaːŋ	hajɛ̃ʔ
*house						a	a	a	a	a	a	*	a	a	a	a	a	a	a	*	a	a	a	b	c	c	c	c	*	*	d	d	g	*	d	e	f
in/inside	98		Spatial relations	AA *kluːŋ/*[k]luəŋ 'middle/belly'; cf. Chinese 中 zhōng, Sino-Vietnamese trung		trong	klɔːŋ¹	klɔːŋ¹	ʈɔːŋ¹	cong	ʈɔːŋ1	ʔlɔːŋ1	ʈɔ̆ŋ32	ʈawŋ¹ 	klɒŋ22	klɒːŋ¹	klɔːŋ	klɔːŋ	klɔːŋ	#	lɔːŋ¹	klɔŋ¹	klɔŋ	#	khalàŋ	kʰalàŋ	kʰəlɔŋ1	#	#	#	kalɒ̆ŋ˧	kəlɔ:ŋ ᷄	kulɔ̻:ŋ˧	#	kalɔŋ23	kluəŋ	klɛŋ
*in/inside						a	a	a	a	a	a	a	a	a	a	a	a	a	a	*	a	a	a	*	a	a	a	*	*	*	a	a	a	*	a	a	a
kill (v)		44	The body	AA *kcet MKED	*k-ə-ceːt (< k-p-ceːt ?)	giết	#	#	#	pó / pó chít	jɨet7	ziet7	ziet35	jiɛt⁷ 	ziet12	jiɛt⁷	pceːt	(pɔː³⁵)	ʄiɛt CHECK	pa.424 ce:t.24	kəciːt⁷	cit³	kacít	katɕit	kacʌ̰̂ːt	#	pɔh1	kacᵊɔːt	kacét	ʄet˧˦	#	(pɔh) kacɛ:t-	acɛ:t	ʄiet˧˦	zie̼44 (missing t?)	pʰaːn	ckət
*kill (v)						a	*	*	*	b	a	a	a	a	a	a	a	b	a	a	a	a	a	a	a	*	b	a	a	a	*	a	a	a	a	d	e
knee	59	45	The body	AA *[ ]kuːl MKED	*t-kuːlʔ	đầu gối	#	#	koːn³	cổl lại	ʈok7kon3	lok7kun3	ruok54 kɤ̆n35	#	klok31 kɤ̆l12	#	#	kulkuːl	kunkuːn	ku:n.43 ku:n.24	təkuːl³	kulo̤k⁴ takul³	kŭluòk tŭkủl	lukulʼ	Ɂɔ̂ːk Ɂakûːn	Ɂɔ̂ːk Ɂakṵ̂ːn	Ɂɔːk Ɂakuːl	#	kulók takul	tukul˦	kalŭk˧˦ kul˧˦	təku:l˧	uko̻:H	kalok˧ takul˧ˀ	kalɔk23	knuːn	kaltoŋ
*knee						a	*	*	a	a	a	a	a	*	a	*	*	a	a	a	a	a	a	a	a	a	a	*	a	a	a	a	a	a	a	b	c
know (a fact, not a person)	58	46	Cognition	PT *rɯ:wᶜ (Pittayaporn 2009) note r>h in Lao etc.	*#	biết, hay	#	#	#	hay, mắt	#	#	piet35	#	hɤ̆j22	#	#	#	#	ɫu.34	[[hí]]	hi¹	hi	hiː	húɁ < Lao	húɁ < Lao	huɁ < Lao	luːʔ	hí	hi˧˦	ɬo˧˦˧ˀ (< Lao)	#	#	ɽu˧˦ / ʐu˧˦ < lao	#	nəːŋ	ʔtʔet
*know (a fact, not a person)						b	*	*	*	a	*	*	b	*	a	*	*	*	*	*	a	a	a	a	*	*	*	*	a	a	*	*	*	*	*	c	d
leaf	64	47	Agriculture and vegetation	AA *slaʔ MKED; ST *s-la STED	*s-laːʔ	lá	laː³	laː³	laː³	lả	la3	la3	lɑ35	laː³	lɑ12	laː³	laː	laː	laː	la.24	laː³	ʔula³	ŭlả	ulɛa̯ʔ	salâ̰ː	salâ̰ː	slaː4	calaːʔ	ulá	ula˧˦ˀ	salwa̰˧˦˧ˀ	səla:˧	sula̻:˧ 	sala˧˦ˀ	sala33ˀ/343	ʰlaʔ	haliʔ
*leaf						a	a	a	a	a	a	a	a	a	a	a	a	a	a	a	a	a	a	a	a	a	a	a	a	a	a	a	a	a	a	a	a
lie/recline (v)		48	Spatial relations	#	*#	nǎ̀m	#	#	#	nằm	năm2	#	nɑ̆m33	#	nɑ̆m54 	#	#	lam	(nam)	lam.43 suoj.33	təŋah¹	ɲă̤p⁴	nʌ̆́p	pĭh	nâm	nâm	nam1	nam	lǎ̀m	lɤ̆m˧˨	năm324	nam˦˥	lam˧	lăm˧˦	lăm323	kmlɨəŋ	tek
*lie/recline (v)						a	*	*	*	a	a	*	a	*	a	*	*	a	a	a	c	b	b	d	a	a	a	a	a	a	a	a	a	a	a	e	f
liver	66	49	The body	AA *t1luəm MKED; Chinese 肝 gān, OC *s.kˤa[r] (Baxter & Sagart 2014) early Vietic loan	*lɔːm / *t-ka:n	gan	lɔːm²	lɔːm²	lɔːm²	lòm	kan1	#	ɣan32	ɣaːn¹	lɔm22	lɔːm²	lɔːm	lɔːm	lɔːm	lɔom.31 lɔom.43	loɔ̀m²	lɔ̤m²	lᵊɔ̀m	lùo̯m	lɔ̀ːm	lɔːm	lɔ̀ːm1	lɑːm	lɔ̀m	lɔm˦˧	lɒm324	lɔ:m ᷄	loɔm˧	lɔm˧	lɔm323	tlɔːm	ros
*liver						b	a	a	a	a	b	*	*	*	a	a	a	a	a	a	a	a	a	a	a	a	a	a	a	a	a	a	a	a	a	a	c
long (of objects)	78	50	Spatial relations	AA *ɟ[o]ŋ MKED; Katu jaːl 'long'	*jaːr	dài	zaːj²	zaːj²	zaːj²	dài	jaj2	zaj2	zuon32	juan¹	zɔn22	jɔːn¹	joːn	jɔːn	jaon	zo:n.33	[[ǯal]]	ʑa̤l²	ʔjal	lɤ̀ːŋ	jôːn	jôːn	joːn	jɔːn	zàl	ʄaɯ̯˧˨	zon˧	jo:n-	jɨar˧	ʄɤɽ˧	zɤl23	waːŋ	btec
*long (of objects)						a	a	a	a	a	a	a	b	b	b	b	b	b	b	b	a	a	a	c	b	b	b	b	a	a	b	b	a	a	a	d	e
louse (headlice)		51	Animals	AA *ci:ʔ MKED	*ciːʔ	chấy	ciː³	ciː³	ciː³	chỉ	si3	ci3	ci35	ciː³	ci12	ciː³	ciː	cei	cəi	#	ciː³	ci³	cí	tɕiʔ	kʌ̰̂ː	kʌ̰̂ː	kəː2	kᶤəːʔ	cí	cɤ̆i̯˧˦ˀ	cḭ˦˧ˀ	#	cé̻˧	ci˧˦ˀ	ci33ˀ / ci343ˀ	seʔ	ciʔ 
*louse (headlice)						a	a	a	a	a	a	a	a	a	a	a	a	a	a	*	a	a	a	a	b	b	b	b	a	a	a	*	a	a	a	a	a
louse (bodylice)	16		Animals	AA *[d]mrəɲʔ MKED	*m-rəɲʔ	rận	kʰiɲ³	fəɲ⁴⁶	#	khệnh	reɲ4	#	rɤ̆n54	siɲ³	phʂip12	pʰriɲ³	pʰliŋ	pʰlɛɲ	pʰlʌɲ	cei.24	briɲ³	ɓlĭŋ³	bríɲ	n̩reʲɲʼ	#	ʔahîŋ	hahiŋ3	#	#	#	ma˧ hriɳ˧˦˧ˀ	#	#	#	#	#	#
*louse (bodylice)						a	a	a	*	a	a	*	a	a	b	a	a	a	a	c	a	a	a	a	*	a	a	*	*	*	a	*	*	*	*	*	*
make/do (v)	25		Basic actions and technology	AA *man 'be competent' MKED		làm	#	#	#	là	#	#	mɤ̆n33	#	mɤ̆w54	#	min	mʌn	mɔn	#	#	mɯ̆n² / ɕăm³	mə̆̀n vi̱k	ɓŏk	mɛ̂ː	mɛ̂ː	mɛː1	#	#	#	mɛ˧˦	mɛː-	mɛː˩	mɛː	mɛ23	ʔəh / tɛːŋ	deʔ
*make/do (v)						b	*	*	*	c	*	*	a	*	a	*	a	a	a	*	*	a	a	d	e	e	e	*	*	*	e	e	e	e	e	f	g
moon		54	The physical world	Cham *bulaːn (Thurgood 1999);Tai *ɓlɯənᴬ (Pittayaporn 2009)	*p-lɔːŋ / *b-laŋ 	trǎng	klaŋ¹	plaŋ¹	ʈaŋ¹	măt tlăng 	măt8ʈăŋ1	măt8lăŋ1 	mɑ̆t54  rɔɑŋ32	#	plɔŋ22	plɔŋ² ( v! )	plɔːŋ	plɔoŋ	plɔːŋ	tu.33 plo:ŋ.43	[[mǎ́t ʈǎŋ]]	pala̤n²	pŭlᵊan	n̩rằh	palɔ̀ːŋ	palɔ̂ːŋ / peːm	paloːŋ1	kᵊtam	mǎ́t pɯləal	pɯɽa˧˦	thala324	tʰra:- ~ tʰla:-	tra:˧	taɽa˧˦ˀ	măt23 tara323	moŋ	chɨj
*moon						a	a	a	a	a	a	a	a	*	a	a	a	a	a	a	*	b	b	c	a	a	a	f	d	e	e	e	e	e	e	g	h
mountain		55	The physical world	AA *bruːʔ; *dul 'hill' MKED; 	*b-ruːʔ / *doːl	núi "mountain"; đồi "hill"	toːə²	toːl²	doːn²	tồl "hill"; khũ "mountain"; 	lɛn2ta3	ru3	nuj35 (Viet loan)	nuːj³ (Viet loan)	phʂɤ̆w12	pʰraw³	pʰluː	pʰlow	pʰlow	phləj.33	[[blúʔ]]	kon²	cɨ́t	ɗŭh	phûː < Lao	phûː < Lao	ʔaloːŋ4	mᵊɬuːʔ	kòl	kon˧˨	phŏn˧˦˧ˀ (Lao ໂພນ)	phon ᷅ (Lao ໂພນ)	cirɔŋ˧	ŋkoŋ˧˦	ŋkɔŋ23	mok	ɟlmɔl 
*mountain						a	b	b	b	b	d	c	*	*	c	c	c	c	c	c	c	e	g	f	*	*	h	c	e	e	*	*	h	i	i	l	m
mouth	5	56	The body	AA *miəɲʔ 'mouth'; *kaːŋʔ 'jaw'; mum 'suck' MKED	*-moːm / *mɛːŋʔ / *kaːŋʔ	miệng, mồm	moːm²	moːm² / mɛːŋ⁴	moːm²	mẹnh / mồm	mom2	#	bɔ31Ɂ	( bɔː⁵⁶ )	mɔm22	mɔːm¹ ( t! )	#	#	#	ma:ɲ.31	kaːŋ³	kaŋ³	káŋ	kɛa̯ŋʼ	kʌ̀ːŋ	kʌ̀ːŋ	snuːj4	kᵊʌːŋ	káŋ	kaŋ˧˦ˀ	mɜ̆ɳ˧˦	mɛŋ˧	mɛŋ˧	mɛŋ˧˦ˀ	mɛŋ33ˀ	tnɔh	NA
*mouth						a	b	b	b	b	b	*	d	d	b	b	*	*	*	a	c	c	c	c	c	c	e	c	c	c	a	a	a	a	a	f	*
navel/umbilicous	42		the body	#	*p-suːɲʔ	rốn	tʰuːɲ³	suːɲ³ / soːɲ³	suːɲ³	thủnh	#	ɲə4lo6t'un3	ðun35 ðun35	#	sun12 sun12	#	suːn	#	suːɲ	#	duduːl³	ɕiɗul³	dŭduᵊh	uɗuh	cuɁbɨ̂ː	pasṵ̂ːn	pʰaɲuːɲ³	#	#	#	masuɳ˦	masu:ɲ ᷅	muso̻:ɲ˧	#	pasuɲ33ˀ	kndiːŋ	dut
*navel/umbilicous						a	a	a	a	a	*	a	a	*	a	*	a	*	a	*	b	b	b	b	c	a	a	*	*	*	a	a	a	*	a	d	e
neck	23	58	The body	AA *kɔʔ MKED	*koh, *t-giːʔ / *kɛːl	cổ	kɛːə¹	kɛːl¹	kɛːn¹	kel	ko5	hɔːŋ4	ko212	#	kɔ33ʔ	#	koː	kaw	kaw	kɔo.424	təki:⁴	nɔŋ⁴	tə̆kẻ / kădɔ́k 'nape'	ukìn	nʌ̰̂ːt / nâ̰ːt	nʌ̰̂ːt 	nəːt3	#	kó	kou˧˨ˀ	katăŋ˧	kətɔ:ŋ ᷅	krtɔːŋ˧	katɔŋ˧˦ˀ	katɔŋ33ˀ	kntuər	NA
*neck						a	b	b	b	b	a	c	a	*	a	*	a	a	a	a	c	g	c	d	e	e	e	*	a	a	g	g	g	g	g	f	*
new	54	59	Time	AA *tmiʔ MKED	*ɓəːjʔ	mới	məːj³	məːj³	#	mởi	məj3	#	bɤj35	bəːj³	bɤj12	bəːj³	bəːj	baəj	baːj	bə:j.34	[[bɤ́i̯]]	ɓɤi̯³	bə̀j	mɛa̯h	tamâː	tamâː	#	tᵊmaː	bɤ́i̯	bɤi̯˧˦	tamə324	təmɔ: ᷄	trmɔ̻ː˧	tamɔ˧˦	tamɔ323	hmmeʔ	paj
*new						a	a	a	*	a	a	*	a	a	a	a	a	a	a	a	a	a	a	a	a	a	*	a	a	a	a	a	a	a	a	a	a
night	21	60	Time	AA *btɔm; *jup MKED	*teːm	đêm	#	#	#	têm	tem1	ʔem1	tem32	teːm¹	tem32	teːm¹	teːm	taem	tɛːm	tɛem.33	[[lúm]]	lɯ̆m⁴	lɨ̣m	lɯmʼ / ɕɛa̯k	Ɂamáh	Ɂamáh	Ɂamah3	ʔajuːl	tuɲɔ́p	təŋop˧˦	#	təve:-	təŋoɔp	taŋɔp˧˦	taŋɔp44	psɨəm	hrkɨt
*night						a	*	*	*	a	a	a	a	a	a	a	a	a	a	a	b	b	b	b	c	c	c	f	d	d	*	e	d	d	d	g	h
nose	2	61	The body	AA *muh, mus MKED	*muːs	mũi	muːj⁶	muːj⁴⁶	muːj⁴⁶	mũi	mun5/2	mun2	mun31	muːn⁵⁶	mul31	muːl⁶	muːt	muːc	muːc	mu:c.31	muːlʰ¹	mul³	muʌh ~ muiʃ	mŭ̀h	mús	múç	mujh1	mʊjʰ	mul	muh˦	mṵjh˧	mujʰ	mui˧	mui̯˧	muj33	muh	mɔh
*nose						a	a	a	a	a	a	a	a	a	a	a	a	a	a	a	a	a	a	a	a	a	a	a	a	a	a	a	a	a	a	a	a
old (of things/objects)	74		Time	Chinese 舊 jiu4, Old Chinese *N-kʷəʔ-s (Baxter & Sagart 2014), borrowed into Tai *kawB (Pittayaporn 2009)		cũ, cổ	#	#	#	cũ	#	#	#	#	#	#	koː	koː	koː	#	kamɐ̀k⁸	kɯɽa¹	tɨ̀j tɨj / kŭmɨə́k	ulɔː	khalâː	khalâː	thaw1 (< Lao)	kawʔ (< Lao)	#	#	thala324 (thăw˧˦˧ˀ)	tə:j-	tə̻:j˧	#	tɯj23	ʰmaŋ	tʔtɨʔ
*old (of things/objects)						a	*	*	*	a	*	*	*	*	*	*	a	a	a	*	b	c	b	d	c	c	*	*	*	*	c	e	e	*	e	f	g
one	33	63	Quantity	AA *muːj MKED, coda irregular in Vietic	*moːc	một	moːt⁸	moːc⁸	moːt⁸	môch	mot8	mot8 (mot7 in compounds)	mot54	moːt⁸	mot31	moːt⁸	moːt	muːc	moːc	mo:t.31	mʊːc⁸	muc⁴	moi̱c	muʲc	mít / mɨ̂ː	mít	muːt1	moːc	móic	muic˧˦	moc˧˦	mɔc-	mo:c˩	moic˧	moc44	moːj	nɛj (<infixation)
*one						a	a	a	a	a	a	a	a	a	a	a	a	a	a	a	a	a	a	a	a	a	a	a	a	a	a	a	a	a	a	b	b
path/road		64	Motion	AA *kraʔ MKED	*k-raːʔ > kʰlaːʔ	dường	tʰaː³	kʰaː³	kʰaː³	khả	taŋ2'ti1'	ʔaŋ2di1	taŋ33	#	tɒŋ54	#	klaː	kʰlaː	kʰlaː	khla.24	[[tɯà̤ŋ]]	ta̤ŋ²	tɨàŋ	urɛa̯ʔ	daːn	daːn	kʰalaː2	kʰalaːʔ	təàŋ	tɯaŋ˧˨	#	kura:˧	#	kuɽa˧˦ˀ	ʔu33 ra33ˀ ʔɣc44	ŋɔːr	glɔŋ
*path/road						a	b	b	b	b	a	a	a	*	a	*	b	b	b	b	a	a	a	b	c	c	b	b	a	a	*	b	*	b	b	d	e
person (or classifier for humans)		65	Kinship	AA *[m]ŋaːj 'person';  *kuən 'child' MKED	*-riː / *ŋaːj / *mɔːlʔ / *m-lɛːŋ	người	#	#	#	người	ŋaj2	ŋaj2	kuoj35	#	kɯɤj31	#	kun	kɔn	kun	#	kɔːn¹	ŋai̯²	ŋàj	tɕʌ̆̀m rău̯ʼ (< Chamic)	ɲák	ɲák	kon 	jak	malieŋ	ŋai̯˦	khŏn˧ (< Lao)	khon (< Lao)	malɛ:ŋ˧	malɛŋ˧˦	malɛ̆ɲ23	kmʰmuʔ	mnraʔ
*person (or classifier for humans)						a	*	*	*	a	a	a	b	*	b	*	c	c	c	*	c	a	a	*	d	d	c	d	e	a	*	*	e	e	e	f	g
rain	13	66	The physical world	AA *gmaʔ MKED	*k-maː	mưa	mɨa¹	mɨa¹	mɨa¹	mưa	mɨa1	#	mɯɤ32 	mɨa¹	mɒ54	mɐː²	kʰmaː	maː	maː	ma.43	kumə̀a²	kuma̤²	kŭmʌa	mìa	balɨ̂ːj	malɨ̂ːj	maloːj2	malʌːj	cɯ̀ŋ	cɯŋ˧˨	sɯŋ˦	sɨŋ-	cɨŋ˧	cɯŋ˧˦	cɯ̆ŋ323	kmaʔ	lesem
*rain						a	a	a	a	a	a	*	a	a	a	a	a	a	a	a	a	a	a	a	c	c	c	c	b	b	b	b	b	b	b	a	d
red	65	67	Sense perception	#	*tɔh / *koːl	đỏ	tɔː⁵	tɔː⁵	dɔː⁵	tó	tɔ5	ʔɔ5	dɔ212	dɔː⁵⁶	#	#	#	kɔːl	kaon	ko:n.33	tɔː⁶ / tɔh¹	tɔ⁴	tɔ̣	ikaːlʼ	tɔ́h	tɔ́h	tɔh1	tɑʰ	tɔ̀	tɔ˧˨˧	tɔh˧	tɔh-	tɔ̻H	tɔ˧	tɔ33	jim	rhɨk, tahɔɲ
*red						a	a	a	a	a	a	a	a	a	*	*	*	b	b	b	a	a	a	a	a	a	a	a	a	a	a	a	a	a	a	c	d
root	10	68	Agriculture and vegetation	AA *riəs MKED	*(k-riɛs / k-rɛs | res)	rễ	rac²	tʰac²	Âɛc²	rach	rɛt8	#	lɛn212	ʐeː² ( < Viet)	lɛl31ʔ	lɛːl⁶	#	#	#	ɫɨəc.31	liɛlʰ¹	lɛl̥³	liɛʳʰ	rĭ̀h	hɛ́h	hɛ̤̀h	hɛh	#	ʒiel	ɽe̤˧˦	lɛl˧˦	lɛl-	lɛ̻ːrH	ɽɛl˧	rɛːl33	riəs	ɟʔes
*root						a	a	a	a	a	a	*	a	*	a	a	*	*	*	a	a	a	a	a	a	a	a	*	a	a	a	a	a	a	a	a	a
rope/cord	91		Basic actions and technology	#		chạc	caːk⁸	caːk⁸	#	chac	cak8	tak8mun5	cak54	caːk⁸	cæ̃k31	cɐːk⁸	#	#	#	#	cə̀ak⁸	ca̤k⁴	cạk	arĭ̀ɲ	Ɂatân	Ɂatan	Ɂatal1	#	#	#	ʔatŏŋ324	atɔŋ  ᷄	kase̻H	#	#	cməʔ	ʔawɛj
*rope/cord						a	a	a	*	a	a	a	a	a	a	a	*	*	*	*	a	a	a	b	c	c	c	*	*	*	d	d	g	*	*	e	f
round		69	Spatial relations	AA *luən 'round/roll' MKED	*g-lɔːn	tròn	klɔːn²	klɔːn²	ʈɔːn²	lâm, quìl	ʈɔn2	ʔlɔn2	ruɔn33	ʐoan²	klɔn54	klɔːn²	#	#	#	klom.33	tlɔːn²	klɔn²	klɔ̀n	tlɔ̀ːn	kalɔ̂m	kalɔ̂m	#	mʊn	klɔ̀n	klɔn˦	kalŏm324	#	#	kalun˦˥	kalun23	klom	pɔk
*round						a	a	a	a	*	a	a	a	a	a	a	*	*	*	c	a	a	a	a	c	c	*	b	a	a	c	*	*	a	a	c	d
run (v)	81		Motion	AA *ɟarʔ 'quick, to run' MKED		chạy	caə⁴	cal⁴⁶	can⁴⁶	chặl	căn4	tăn4	căn54	#	căl31Ɂ	#	toːŋ	tɔːŋ	taoŋ	#	aŋaj³	ʔaŋăi̯³	tə̆ŋə́j	paʑɯŋ	Ɂatôːŋ	Ɂatôːŋ	Ɂatoːŋ1	#	#	#	ʔalɔ̰ŋ324	alɔŋ-	ajɜl˧	#	azɤ̆l33ˀ	dar / duʔ	lɔj
*run (v)						a	a	a	a	a	a	a	a	*	a	*	c	c	c	*	b	b	b	d	c	c	c	*	*	*	e	e	h	*	h	f	g
salt	94		Food and drink	Katuic *ɓɔːj ‘salt’ (Sidwell 2005)		muối	vɔːj³	bɔːj³	vɔːj³	bỏi	vɔj3	vɔj3	bɔj35	bɔːj³	bæ̃j12	bɒːj³	bɔːj	bɔːj	bɔːj	#	bɔːj³	ɓɔi̯³	bɔ́j	ɓɒːi̯ʼ	bɔ̰̂ːj	bɔ̰̂ːj	bɔːj1	ɓʌːjʔ	#	#	bɔ̰j˧˦˧ˀ	bɔ:j˧	ɓɔ̻ːjH	#	bɔj33ˀ	ʰmaːr	ʔmpɔc
*salt						a	a	a	a	a	a	a	a	a	a	a	a	a	a	*	a	a	a	a	a	a	a	a	*	*	a	a	a	*	a	b	c
sand	60	70	The physical world	AA *ksaːc MKED (metathesis?)	*t-kaːc / *-rɛh	cát	kaːc⁷	kaːc⁷	#	cáich	kăc7	#	ɣɑt35	ɣaːt⁷ 	( khʂɑj22 )	( kʰraːj¹ )	pʰlɛː	kʰlɛː	kʰlɛː	khlɛ.24	təkaːc⁷	kaɽa̤ŋ²	tə̆kắc	takaːʲc	Ɂaták thɛ́h	tʰɛ́h	thɛh2	#	kaʒəaŋ	kaɽaŋ˦	khalɤŋ˧	kʰrɔ:ŋ- ~ kəlɔ:ŋ-	karɨaŋ˧	kaɽɤŋ˧˦	karɤŋ23	sreh	pantɛj (<Malay)
*sand						a	a	a	*	a	a	*	a	a	c	c	c	c	c	c	a	b	a	a	d	d	d	*	b	b	b	b	b	b	b	e	*
say/speak/talk (v)	29	71	Speech and language	#	*coːlʔ	nói / kể	#	#	#	khể	nɔj3	nə̆j4	con35	#	mɛŋ31Ɂ	#	kʰɲaw	ɲaw	ɲaw	#	coːl³	col³	cỏl	ɗɯɤ̯l	kaɲâw	kaɲâw / ʔə́ʔ	vaw4 [< Lao]	#	cól	col˧˦, ʔin˦	#	kano:-	cana:˧	vɤ̆u̯˧˦ (< Lao wâu), kaʑɤ̆u̯˧˦	ʔin323	sroʔ / prʔoːm	#
*say/speak/talk (v)						a	*	*	*	b	a	a	b	*	d	*	c	c	c	*	b	b	b	e	c	c	*	*	b	b	*	c	f	*	i	g	h
see (v)	89	72	Sense perception	Chinese 視 shì, OC *gijʔ(-s) (Baxter & Sagart 2014) 'look, see'	*ɗaːm	thấy	#	#	#	đố	t'ə̆j3	#	cɯ̆ŋ32	#	co33ʔ	#	(naːm)	daːm	daːm	da:m.33	[[ʒuả̤m]]	cɯ̆ŋ¹	cɨŋ	tɕɯŋ	nɛ́h / kanlîəw	ʔanáh / ʔanɛ́h	nah4	pᵊɔːʔ / ɓəŋ	cɯŋ	aliŋ˧˦, βok˧˦, , pacil˦,	cɤ̆ŋ˧˦	cʌŋ  ᷄	cə̻ŋ˧	cɯŋ˧˦, nem˧˦	cɯ̆ŋ23	guːɲ	ʔɛl
*see (v)						a	*	*	*	b	a	*	d	*	i	*	g	g	g	g	c	d	d	d	e	e	e	h	d	f	d	d	d	d	d	i	j
shade/shadow	92		The physical world	cf. Lao hōm, Thai rôm 'shade'		bóng	pɔːŋ³	pɔːŋ³	bɔːŋ³	pỏng	pɔŋmăc7 	bɔŋ3măc7	pɔŋ35 rɤ̆m32	pɔːŋ³	pɑŋ12 zɤ̆m22	pɒːŋ³	ʰlum	ʰlɔm	ɣɔm	#	#	pɔŋ³ 'shade'/ tuŋut³ 'shadow'	#	#	hɔm	hum	#	#	#	#	#	ʰrum-	ʰrɨm˧	#	ʂɯ̆m33ˀ rŭm323	#	laŋɔj
*shade/shadow						a	a	a	a	a	a	a	a	a	a	a	b	b	b	*	*	a	*	*	b	b	*	*	*	*	*	b	b	*	b	*	c
sit (v)		74	Motion	AA *ŋguj MKED	*ŋuːj	ngồi	ŋoːj²	ŋoːj²	ŋoːj²	ngồi	ŋoj2	tɔ2hɔ5 (??)	ŋoj33	ŋoːj²	ŋoj54	ŋoːj²	(ŋoːj)	ŋuːj	(ŋoːj)	ŋo:j.43	[[ŋò̤i̯]]	ŋo̤i̯²	ŋùj	ŋòi̯	cûŋ	cûŋ	cuŋ2	cʊŋ	tadúh	taˀduʰ˧˦	sadoh˧	saduh-	#	sadu˧	sadu33	den	ŋɔk
*sit (v)						a	a	a	a	a	a	d	a	a	a	a	a	a	a	a	a	a	a	a	b	b	b	b	c	c	c	c	*	c	c	e	f
skin	68	75	The body	cf. Lao tá cá 'skin, bark' (< Pali);  Vietnamese lột 'to slough'	*-taː / *k-roːt	da	taː¹	taː¹	taː¹	ta	ta1	ʔa1/ʃot7*	ðɤa32	#	khʂɔt12	#	kʰloːt	kʰlaot	kʰlaot	khlo:t.24	kəroːt⁷	kuɽot⁴	kărɔ́t	aruo̯ʲc	khalôːt	kʰabɔ́h	khaloːt2	kʰalɑːt	kuʒót	kuɽot˧˦	khalɔ̰t˧˦	kʰrɔ:t-	aro:t	karot˧˦	karot44	hmpuːr	ktɨʔ
*skin						a	a	a	a	a	a	a	a	*	b	*	b	b	b	b	b	b	b	b	b	e	b	b	b	b	b	b	b	b	b	c	d
sleep (v)		76	Motion	#	*#	ngủ	#	#	#	táy	ŋu5	ŋăj3	ti212	#	tɑ̆j33ʔ	#	tɨŋ	tʌŋ	tɔŋ	lam.43	[[nəá̤p]]	ɲă̤p⁴	nʌ̆́p	pĭh	satíh	nâm	nam4	sᵊtɪːʰ	lɤ̀m	lɤm˧˨	năm324	nam-	təŋə:c	lăm˧	lăm323 taŋec44	sih	tek
*sleep (v)						a	*	*	*	b	a	c	b	*	b	*	d	d	d	g	e	e	e	f	b	g	g	b	g	g	g	g	j	g	g	h	i
small	95	77	Spatial relations	AA *kɗiːt MKED	*ɗiːt	nhỏ / nít (small regarding children), bé	#	#	#	đét (con, đói)	ɲɔ5	#	dɛt35	( dɛːt⁷ )	dɛt12	( dɛːt⁷ )	#	diːt	diːt	dit.34	[[d’uóʔ]]	ɗɛ⁰ ɗɛ³	dɛdɛ̉	kʌ̆̀t kʌ̆t	Ɂḭ̂ːt (? < Viet. ít)	Ɂḭ̂ːt (? < Viet. ít)	Ɂiːt (? < Viet. ít)	#	dɛdɛ́	dɛ˧˨ dɛh˧˦	dɪt˧˦	ditdi:t	didéɛH	dit˧ dit˧	dit44	ɲɛʔ	ʔhəj
*small						a	*	*	*	b	a	*	b	b	b	b	*	b	b	b	d	c	c	e	h	h	h	*	c	c	b	b	c	b	b	f	g
smoke	49	78	The physical world	#	*k-hɔːjʔ > kʰɔːjʔ	khói	kʰɔːj³	kʰɔːj³	kʰɔːj³	khỏi	xɔj3 	#	χɔj35	kʰɔːj³	khɒj12	kʰɒːj³	kʰɔːj	kʰɔːj	kʰɔːj	khɔ:j.24	kəhɔːj³	kuhɔi̯³	kăhɔ́j	ahɒːi̯ʼ	kahɔ̰̂ːj	kahɔ̰̂ːj	kahɔːj1	kᵊhɑːjʔ	kuhɔ́i̯	kohɔi̯˧˦	kahəj˧˦˧ˀ	kəhɔ:j˧	kuhɔ̻́j	kahɔi̯˧˦ˀ	kahɔj33ʔ	ptəʔ	ʔjʔej
*smoke						a	a	a	a	a	a	*	a	a	a	a	a	a	a	a	a	a	a	a	a	a	a	a	a	a	a	a	a	a	a	c	b
stand/stand up (intr.) (v)	45	79	Motion	Chamic *dəŋ (Thurgood 1999)	*#	đứng	#	#	#	chọng	tɨŋ3jə̆n4	ʔɨŋ3zə̆n4 	tɯ̆ŋ54	#	tɯ̆ŋ31	#	tɨŋ	tʌŋ	tɔŋ	təŋ.31	tɨŋ⁶	tɯ̆ŋ³	tɨ̉ŋ	tɯ̆ŋʼ	tɨ̂ŋ	tɨ̂ŋ	tɨŋ1	tɨŋʔ	tɯ́ŋ	tɯ̆ŋ˧˦ˀ	tɯ̰̆ŋ˧˦˧ˀ	tɨŋ˧	tɨŋǀ˧	tɯŋ˧	tɯ̆ŋ33ʔ	#	hɲɟaɲ
*stand/stand up (intr.) (v)						a	*	*	*	b	a	c	a	*	a	*	a	a	a	a	a	a	a	a	a	a	a	a	a	a	a	a	a	a	a	*	b
star	97	80	The physical world	AA *smʔaɲ MKED	*k-ɓeː / *k-raːw	sao	kʰaːw¹	kʰaːw¹	kʰaːw¹	khao	ʃaw1	#	ʂɑw32	ʂaːw¹	khʂɑw22	kʰraːw¹	kbeː	bae	baɛ	tu.33 baj.33	[[kumíŋ, ʃaw]]	kumĭŋ¹	kŭmiɲ	tlɔː	Ɂakɔ̰̂ːn	Ɂakɔ̰̂ːn	Ɂakɔːl3	ʔakɑːlʔ	kumiɲ	kumiɲ˦, klo˦	kalɔ324	kalo˧˦ˀ	klou˧	kalo˧˦ˀ	kalo323	srmeɲ	prlɔj 
*star						a	a	a	a	a	a	*	a	a	a	a	c	c	c	c	b	b	b	d	e	e	e	e	b	b	d	d	d	d	d	b	f
stone	27	81	The physical world	cf. Khmer daː 'stone slab'	*l-taːʔ / *b-ruːʔ / *kʰoːlʔ (rock)	đá	kʰuː⁴	fuː⁴	kʰuː⁴	khũ	ta3	ta3,ʔa3	ðɤɑ35	δaː³	tɑ12	taː³	taː	taː	taː	ta.424	taː³	ta⁰ ta³	latá	atɛa̯ʔ	kíh	kíh	kih3	kᶤʌːjʰ	tatá	lata˧˦, ta ta˧˦	kɔn kɤl˧ ~ kɤr˧	kɔ:n kɜ:l˧ ~ kol-	kəajH	kəai̯˧	kɤj33	glaːŋ	batuʔ (<Malay)
*stone						a	b	b	b	b	a	a	a	a	a	a	a	a	a	a	a	a	a	a	c	c	c	c	a	a	d	d	c	c	c	e	*
sweet	90		Sense perception	AA *lŋuːt MKED		ngọt	ŋɔːc⁸	ŋɔːc⁸	ŋɔːc⁸	ngoch	ŋɔːt8	#	ŋɔt54	ŋɔːt⁸	ŋɔt31	ŋɔːt⁸	ŋɔːt	ŋɔːc	ŋɔːc	#	təŋɔːc⁷	taŋɔc³	tə̆ŋɔ́c	ŋɒc	ŋɔ̰̂ːt	ŋɔ̰̂ːt	#	ŋɔːc	#	#	ŋɔc˧˦	ŋɔc-	mɓat	#	mbat44	hʔiə	bʔɨt
*sweet						a	a	a	a	a	a	*	a	a	a	a	a	a	a	*	a	a	a	a	a	a	*	a	*	*	a	a	d	*	d	b	c
suckle/suck on breast for milk (v)	69		Food and drink	AA *ʔbuːʔ MKED		bú	Ɂuː³ / puː³ 	Ɂuː³ / puː³	#	ủ	ʔu3	#	ʔu35	ʔuː³	ʔu12	ʔuː³	nuː	now	now	#	pupuː⁴ (at breast) / abuːc⁷ (general)	ʔaɓuc³	pú	puʔ	ʔûː	ʔûː	ʔuː3	#	#	#	ʔṵ̃˧˦˧ˀ	ʔuː˧	ʔo̻˧	#	ʔu33ˀ	buʔ	mam
*suckle/suck on breast for milk (v)						a	b	b	*	b	b	*	b	b	b	b	d	d	d	*	a	a	a	a	b	b	b	*	*	*	b	b	b	*	b	a	e
swim (v)		83	Motion	AA *lu(ː)jʔ MKED; Tai loːjA (Pittayaporn 2009); PMP *naŋuj (Blust 1999) 	*#	bơi	#	#	#	pơi	t'ăm3	#	bɤj32	#	pɤj22	#	#	pəːj	pəːj	pə:j.33	[[pɤi̯]]	ʔaʑa¹	aja	ŋùo̯lʼ	khaɁə̰̂ːj dâ̰ːk	lô̤ːj (< Tai/Viet.)	#	#	pɯi̯	bɤi̯˧˦, ʔɤ̆c˧˦	lɔj˧˦ (< Tai/Viet.)	lɔ:j- (< Tai/Viet.)	lɔːc˧ (< Tai/Viet.)	upɤi̯	ʔupɤj33ˀ	kljɔːŋ	kwac
*swim (v)						a	*	*	*	a	b	*	a	*	a	*	*	a	a	a	a	c	c	d	e	*	*	*	a	a	*	*	*	a	a	f	h
tail	85	84	The body	AA *tuəj 'to follow' MKED;  PHM *tu̯eiX 'tail' (Ratliff 2010)	*dɔːj / tɔːj	đuôi	tuoj¹	tuoj¹	duoj¹ ( < )	tuôi	tuj1	ʔuoj1	tɔaj33	δuəj² 	tɔj54	tɔːj²	tɔːj	toːj	tɔːj	tɔoj.31 tɔoj.43	tuej²	tɔ̤i̯²	tuòj	tùo̯i̯	tɨ̂ːj	tɨːj	toːj1	#	tuòi̯	tu̯oi̯˧˨	#	tu:j-	toɔj˧	tɔi̯˧˦	tɔj323	hntaʔ	hatĩʔ
*tail						a	a	a	*	a	a	a	a	a	a	a	a	a	a	a	a	a	a	a	a	a	a	*	a	a	*	a	a	a	a	b	b
thick	77		Spatial relations	AA *[t]ɓəl MKED		dày	taj²	taj²	taj²	tày	tăj2	ʔăj2	#	δəaj² 	#	#	ktaj	taj	taj	#	#	katɤ̆i̯²	kutɨéj	uɓău̯	kabûː	kabûː	kbuː	kaɓoː	#	#	kapu˧	kabu:  ᷄	cikɨn˧	#	sakɯ̆n323	hmbɨl	tabɛl
*thick						a	a	a	a	a	a	a	*	a	*	*	a	a	a	*	*	a	a	b	b	b	b	b	*	*	b	b	c	*	c	b	b
thigh	76		The body	AA *bluːʔ MKED; Chinese 腿 tui3 'thigh'		đùi	bluː¹	#	#	lu	ʈaj3pen3	ʔlaj3ben3	duj33	#	tuj54	paː⁵	kpaː	kpaː	papaː	#	pəluː¹	palu¹	pŭlu	ulău̯	balûː	malûː	maluː2	#	[[təpeːl¹]]	[[təpeːl¹]]	tapɛl324	tapɛ:l ᷄	tape̻:H	#	tapel23	bluʔ	blɨʔ
*thigh						a	b	*	*	b	c	c	a	*	a	d	d	d	d	*	b	b	b	b	b	b	b	*	e	e	e	e	e	*	e	b	b
this (proximal demonstrative)		86	Pronoun	AA *niʔ MKED; similar forms regionally widespread.	*-niː	này	#	#	#	nì	năj1	#	ni33	naː³	ni22	naː³	niː	nei	nəi	nəi.33	[[ni]]	ʔini¹	ni	kɯ̆i̯	Ɂalîː	lîː	Ɂaliː1	#	ani	ani˦	tani˧	ʔɨn-	#	ni˦	ni33	niʔ, giː	tə̃h
*this (proximal demonstrative)						a	*	*	*	a	a	*	a	a	a	a	a	a	a	a	a	a	a	b	c	c	c	*	a	a	a	d	*	a	a	a	e
tie/bind (v)	88		Basic actions and technology	#		trói, thắt / buộc	klɔːj³	klɔːj³	#	tlỏi / puôc	ʈɔj3	ʔlɔj3	thăt35	#	săt31	#	piak	piak	pɨak	#	#	ʄăk³	ʔjăk / klɔ́j 	n̩ɗʑʌ̆t	pɔ̀ːk	pɔ̤̂ːk	poːk1	ʔakɛːŋʔ	#	#	mat˧˦ (<Lao)	abɛɲ-	jʌk˧	#	zɤ̆k23	tuk	kəl, rət
*tie/bind (v)						a	a	a	*	a	a	a	c	*	c	*	d	d	d	*	*	b	b	c	d	d	d	f	*	*	*	e	b	*	b	g	h
tongue	6	88	The body	cf. Katuic *laːs/*lɨas (Sidwell 2005)	*laːs	lưỡi	laːj⁶	laːj⁴ ⁶	laːj⁴⁶	lại	#	#	lan31Ɂ	laːn⁵⁶	lɑl31	lɐːl⁶	laːt	laːc	laːc	la:c.31	lə̀alʰ²	la̤ɽ⁴	lᵊarl	lìe̯h	lás	láç	lajh1	lajʰ	ləál	nləaɯ̯˦	lal˧ ~ lar˧	la:lʰ-	la:jH	lai̯˧	laj33	hntaːk	lntek
*tongue						a	a	a	a	a	*	*	a	a	a	a	a	a	a	a	a	a	a	a	a	a	a	a	a	a	a	a	a	a	a	b	b
tooth	30	89	The body	AA *sraŋ MKED	*k-saŋ	rǎng / nanh "canine tooth"	#	saŋ¹	saŋ¹	thăng	t'ăŋ1	#	săŋ32	#	nɛŋ22	( nɛːŋ¹ 'canine') 	#	#	#	nɛɲ.33	kəsaŋ¹	kaɕăŋ¹	kàsăŋ	atʰăŋ	kasâŋ	kasâŋ	ksaŋ1	kasᵊaŋ	kaʃǎŋ	kaɕăŋ˦	kasăŋ˧	kasaŋ  ᷄	kasaŋ˧	kasăŋ˧˦ˀ	kasăŋ323	ʰraːŋ	hɛ̃ɲ
*tooth						a	*	a	a	a	a	*	a	*	b	b	*	*	*	b	a	a	a	a	a	a	a	a	a	a	a	a	a	a	a	a	c
tree		90	Agricultural and vegetation	AA *kəl 'to cut down/fell' MKED 	*gəl / kəl / *gawʔ	сây	kaə¹	kəl¹	kən¹	câl	kən1	#	ɣɤ̆n33	#	kɤ̆l22	kʌl² / ɣʌj¹ 	kaw	kʌl	kɔn	kən.43	kəj¹	kɤ̤̆i̯²	kᵊʌj	tɕirʌ̆̀ŋ	lâm thʌ̀ŋ	lam tʰʌ̤̀ŋ	thaŋ2	silᵊʌŋ	kɤ̀i̯	kɤi̯˧˨	kil˧	kil-	cirɜŋ˧	kɯl˥, saɽăŋ˦˥	kɯ̆l23 / 323	sʔɔːŋ	ɟhũʔ
*tree						a	a	a	a	a	a	*	a	*	a	a	a	a	a	a	a	a	a	b	c	c	c	e	a	a	a	a	b	a	a	d	e
two		91	Quantity	AA *ɓaːr MKED; not obviously related to Vietic *haːr 	*haːr	hai	haːə¹	haːl¹	haːn¹	hal	han1	han1	han32	haːn¹	hɑl22	haːl¹	haːl	haːl	haːn	ha:n.33	haːl¹	hal¹	hal	hɛa̯l	hâːn	hâːn	haːl1	haːʳl	hal	hal˦	hal˧˦	ha:l-	har:	hal˧	hal23	baːr	duwaʔ (<Malay)
*two						a	a	a	a	a	a	a	a	a	a	a	a	a	a	a	a	a	a	a	a	a	a	a	a	a	a	a	a	a	a	b	*
walk/go by foot (v)	3	92	Motion	cf. Lao ɲāːŋ 'walk'	*(diː | tiː)	đi	tiː¹	tiː¹	diː¹	ti	ti1	ʔi1	ti33	tiː²	ti54	tiː²	tiː	tei	təi	təj.43	tiː²	ti²	ti	tìː	Ɂaɲaːŋ (< Tai)	Ɂaɲʌ̤̀ŋ (< Tai)	tiː1	#	áic	ʔɤic˧˦	ʔɤc˧˦	ʔɔ:c   ᷄	ʔə:c	ʔɤic˧˦	ʔɤc23	jɔh	rop, gagah
*walk/go by foot (v)						a	a	a	a	a	a	a	a	a	a	a	a	a	a	a	a	a	a	a	*	*	a	*	b	b	b	b	b	b	b	d	e
warm			Sense perception	AA *[s]ʔəm MKED	*p-ɗuŋʔ / p-ruŋʔ	ấm	ʔəm³	ʔəm³		ẩm	ə̆m1ə̆m3	ə̆m3	ʔɤ̆m35	ʔʌm³	ʔɤ̆m12	ʔʌm³	tʰəːl	tʰəːl	-	ʔom.434	[[kəʔám]]	tĭŋ¹	tɨ́l	tiɲ	phadɔ̂ŋ	patîŋ	ptiŋ1	tiŋ (pʰɗoŋʔ 'hot')	tiɲ	teɲ˦	taʔɯ̆m˧˦˧ˀ	talɨm  ᷅	#	taʔɯm˧ˀ	#	hʔɨm	#
*warm (adj)						a	a	a	*	a	a	a	a	a	a	a	c	c	*	a	a	b	c	b	d	b	b	b	b	b	a	e	*	a	*	a	*
water	4	94	The physical world	AA *ɗaːk MKED	*ɗaːk	nước	raːk⁷	daːk⁷	raːk⁷	đác	djak7	djak7	dɑk35	daːk⁷	dɑk12	daːk⁷	daːk	daːk	daːk	da:k.24	daːk⁷	ɗak³	dák	ɗɛa̯k	dâ̰ːk	dâ̰ːk	daːk1	ɗaːk	dák	dak˧˦	dak˦	da:k-	da:k˧	dak˧	dak44	ʔom	tɔm
*water						a	a	a	a	a	a	a	a	a	a	a	a	a	a	a	a	a	a	a	a	a	a	a	a	a	a	a	a	a	a	c	b
weep/cry (v)	87		Basic actions and technology	AA *jaːm MKED; PHM *ʔɲæmX (Ratliff 2010); Chinese 哭 ku1 "weep", Old Chinese *[kʰ]ˤok (Baxter & Sagart 2014)		khóc	ɲaːm⁴	ɲaːm⁴	ɲaːm⁴	nhạm	ɲam4	#	ɲɑm54	ɲɐːm⁴	ɲæ̃m31	ɲɐːm⁴	ɲaːm	jaːm	jaːm	#	jəàm⁴	ʑă̤m⁴	jạm	aʑìe̯mʼ	Ɂahîːm	Ɂahîːm	Ɂahiːm3	#	#	#	zɤ̰m˧˦˧ˀ	ajɒ:m˧	jɨamH	#	zɤam33ˀ	jaːm	ɟim
*weep/cry (v)						b	a	a	a	a	a	*	a	a	a	a	a	a	a	*	a	a	a	a	a	a	a	*	*	*	a	a	a	*	a	a	a
what (interrogative)	50	96	Pronoun	cf. Chinese 何 he2, Old Chinese *[g]ˤaj, *[g]ˤe (Baxter & Sagart 2014)		gì	#	#	#	chi	si1	ci1	zi32	#	ci22	#	#	ciː	ciː	ci.33	[[kɛ́]]	[ca]mɤ³ 	cămə́	amɯ̆h	Ɂahʌ̂ː	Ɂahʌ̂ː	Ɂahəː3	#	kɛʔɯn ci	nci˧˨	mʌ	#	#	ci˧˦	new23 ti23	ʰməh	#
*what (interrogative)						c	*	*	*	a	a	a	*	*	a	*	*	a	a	a	c	b	b	b	d	d	d	*	a	a	b	*	*	a	a	b	*
white		97	Sense perception	AA *klaŋʔ; *kl(uə)k MKED; Chinese 白 bái "white" Old Chinese *bˤrak (Baxter & Sagart 2014). Why Thavung lok, without the /p/?	*baːk / *t-lɔːk	trǎ́ng	lɔːk⁸	lɔːk⁸	#	loc	ʈăŋ3	lăŋ3	tăŋ35	#	pɒk31	pɐːk⁸ / plɔːk⁸	plɔːk	plɔ‹k	plɔːk	pa:k.31	[[cakal]]	takal¹	tə̆kal	tlaːk	lɔ̰̂ːk	lɔ̰̂ːk	lɔːk3	lɑːk	tɯkal	təkal˦	lɒk˧˦	kəlɔk pəlok-	lɔ̻ːk	lɔk˧	lɔk44	klɔːk	pətiw
*white						a	b	b	*	b	a	a	a	*	c	c	b	b	b	c	d	d	d	e	b	b	b	b	d	d	d	b	b	b	b	b	f
who (interrogative)	34	98	Pronoun	#	*ʔeː	ai	ʔaːj¹	ʔaːj¹	#	ay	aj1	aj1	ʔe32	ʔeː¹	ʔe22	ʔeː¹	ʔeː	ʔae	ʔaɛ	ʔaɛ.33	[[ʔǎj]]	ʔaʔai̯¹	ʔaj	iɗɯ̀m	nɨ̂ː	nɨ̂ː	noː1	#	uve	lɔŋ˦ oβe˦	ʔavɛ˧	əvɛ:-	#	ne˧˦	#	məʔ	tom
*who (interrogative)						a	a	a	*	a	a	a	a	a	a	a	a	a	a	a	a	a	a	b	c	c	c	*	d	d	d	d	*	c	*	e	f
wide	96		Spatial relations	Cf. Lao kʰwǎːŋ; Chinese 廣 guǎng 		rộng	ʐoːŋ⁴	tʰoːŋ⁴⁶	#	rộng	#	#	lɔŋ31	ʐɔːŋ¹	#	roːŋ⁴	#	ʰloːŋ	ɣoːŋ	#	#	#	ʒuọŋ	ròŋʼ	kṵ̂aŋ	kṵ̂aŋ	#	#	#	#	#	kwa:ŋ-	kwá:ŋ˧	#	kwaŋ33ˀ	wah	ɟŋɟɛŋ
*wide						a	a	a	*	a	*	*	a	a	*	a	*	a	a	*	*	*	a	a	b	b	*	*	*	*	*	b	b	*	b	c	d
wind/air	48		The physical world	AA *kjaːl MKED		gió	sɔː³	sɔː³	sɔː³	xỏ	sɔ3	#	zɔɑ35	jua³	sɒ12	sɒː³	kăjɔː	jɔː	jɔː	#	kəjɔː³	kuʑɔ³	kăjɔ̉	kaʑɒʔ	kajṵ̂ː	kajṵ̂ː	kjuː1	kajɑːʔ	#	#	ka˧ zɔ˧˦˧ˀ	kəjɔ:-	kujɔː˧	#	kazɔ33ˀ	hndrəːj	brwaʔ
*wind/air						a	a	a	a	a	a	*	a	a	a	a	a	a	a	*	a	a	a	a	a	a	a	a	*	*	a	a	a	*	a	b	c
